Workbook

Sheet sales_data
A1: 日付 | B1: 商品名 | C1: カテゴリ | D1: 担当者 | E1: 数量 | F1: 単価 | G1: 売上 | H1: 判定(高額/通常)
A2: 2026/4/1 | B2: ノートPC | C2: PC | D2: 田中 | E2: 2 | F2: 80000 | G2: =E2*F2 -> 160000 | H2: =IF(G2>=50000,"高額","通常") -> 高額
A3: 2026/4/1 | B3: マウス | C3: 周辺機器 | D3: 佐藤 | E3: 5 | F3: 2000 | G3: =E3*F3 -> 10000 | H3: =IF(G3>=50000,"高額","通常") -> 通常
A4: 2026/4/2 | B4: キーボード | C4: 周辺機器 | D4: 田中 | E4: 3 | F4: 5000 | G4: =E4*F4 -> 15000 | H4: =IF(G4>=50000,"高額","通常") -> 通常
A5: 2026/4/2 | B5: モニター | C5: ディスプレイ | D5: 鈴木 | E5: 1 | F5: 30000 | G5: =E5*F5 -> 30000 | H5: =IF(G5>=50000,"高額","通常") -> 通常
A6: 2026/4/3 | B6: ノートPC | C6: PC | D6: 佐藤 | E6: 1 | F6: 90000 | G6: =E6*F6 -> 90000 | H6: =IF(G6>=50000,"高額","通常") -> 高額
A7: 2026/4/3 | B7: マウス | C7: 周辺機器 | D7: 鈴木 | E7: 4 | F7: 2500 | G7: =E7*F7 -> 10000 | H7: =IF(G7>=50000,"高額","通常") -> 通常
A8: 2026/4/4 | B8: モニター | C8: ディスプレイ | D8: 田中 | E8: 2 | F8: 28000 | G8: =E8*F8 -> 56000 | H8: =IF(G8>=50000,"高額","通常") -> 高額
A9: 2026/4/4 | B9: キーボード | C9: 周辺機器 | D9: 佐藤 | E9: 2 | F9: 4500 | G9: =E9*F9 -> 9000 | H9: =IF(G9>=50000,"高額","通常") -> 通常
A10: ▼ 学習用アウトプット欄（ここに数式を入れてください）
F11: q002 合計売上 (G11) | G11: =SUM(G2:G9) -> 380000
F12: q003 平均数量 (G12) | G12: =AVERAGE(E2:E9) -> 2.5
F13: q004 件数 (G13) | G13: =COUNTA(B2:B9) -> 8
F14: q005 周辺機器件数 (G14) | G14: =COUNTIF(C2:C9,"周辺機器") -> 4
F15: q006 田中売上合計 (G15) | G15: =SUMIF(D2:D9,"田中",G2:G9) -> 231000
F16: q007 ノートPC数量合計 (G16) | G16: =SUMIF(B2:B9,"ノートPC",E2:E9) -> 3
F17: q008 高額件数 (G17) | G17: =COUNTIF(H2:H9,"高額") -> 3
F18: q009 周辺機器&佐藤 件数 (G18) | G18: =COUNTIFS(C2:C9,"周辺機器",D2:D9,"佐藤") -> 2
F19: q010 周辺機器売上合計 (G19) | G19: =SUMIF(C2:C9,"周辺機器",G2:G9) -> 44000

Sheet practice
A1: ID | B1: やること | C1: 入力場所 | D1: あなたの結果 | E1: 期待値 | F1: 判定
A2: q001 | B2: sales_dataのG列（売上）を 数量×単価 で計算し、G2からG9まで埋める | C2: sales_data!G2:G9 | D2: =SUM(sales_data!G2:G9) -> 380000 | E2: =SUMPRODUCT(sales_data!E2:E9,sales_data!F2:F9) -> 380000 | F2: =IF(D2="","未入力",IF(ABS(D2-E2)<0.0001,"OK","NG")) -> OK
A3: q002 | B3: 合計売上を求める | C3: sales_data!G11 | D3: =sales_data!G11 -> 380000 | E3: =SUMPRODUCT(sales_data!E2:E9,sales_data!F2:F9) -> 380000 | F3: =IF(D3="","未入力",IF(ABS(D3-E3)<0.0001,"OK","NG")) -> OK
A4: q003 | B4: 平均数量を求める | C4: sales_data!G12 | D4: =sales_data!G12 -> 2.5 | E4: =AVERAGE(sales_data!E2:E9) -> 2.5 | F4: =IF(D4="","未入力",IF(ABS(D4-E4)<0.0001,"OK","NG")) -> OK
A5: q004 | B5: データ件数を数える（商品名列を使う） | C5: sales_data!G13 | D5: =sales_data!G13 -> 8 | E5: =COUNTA(sales_data!B2:B9) -> 8 | F5: =IF(D5="","未入力",IF(ABS(D5-E5)<0.0001,"OK","NG")) -> OK
A6: q005 | B6: カテゴリが周辺機器の件数 | C6: sales_data!G14 | D6: =sales_data!G14 -> 4 | E6: =COUNTIF(sales_data!C2:C9,"周辺機器") -> 4 | F6: =IF(D6="","未入力",IF(ABS(D6-E6)<0.0001,"OK","NG")) -> OK
A7: q006 | B7: 担当者が田中の売上合計 | C7: sales_data!G15 | D7: =sales_data!G15 -> 231000 | E7: =SUMIF(sales_data!D2:D9,"田中",sales_data!G2:G9) -> 231000 | F7: =IF(D7="","未入力",IF(ABS(D7-E7)<0.0001,"OK","NG")) -> OK
A8: q007 | B8: 商品がノートPCの数量合計 | C8: sales_data!G16 | D8: =sales_data!G16 -> 3 | E8: =SUMIF(sales_data!B2:B9,"ノートPC",sales_data!E2:E9) -> 3 | F8: =IF(D8="","未入力",IF(ABS(D8-E8)<0.0001,"OK","NG")) -> OK
A9: q008 | B9: H列にIFで判定を入れ（売上>=50000で高額）、高額件数を数える | C9: sales_data!H2:H9 と sales_data!G17 | D9: =sales_data!G17 -> 3 | E9: =COUNTIF(sales_data!H2:H9,"高額") -> 3 | F9: =IF(D9="","未入力",IF(ABS(D9-E9)<0.0001,"OK","NG")) -> OK
A10: q009 | B10: カテゴリ周辺機器 かつ 担当者佐藤 の件数 | C10: sales_data!G18 | D10: =sales_data!G18 -> 2 | E10: =COUNTIFS(sales_data!C2:C9,"周辺機器",sales_data!D2:D9,"佐藤") -> 2 | F10: =IF(D10="","未入力",IF(ABS(D10-E10)<0.0001,"OK","NG")) -> OK
A11: q010 | B11: カテゴリ周辺機器の売上合計 | C11: sales_data!G19 | D11: =sales_data!G19 -> 44000 | E11: =SUMIF(sales_data!C2:C9,"周辺機器",sales_data!G2:G9) -> 44000 | F11: =IF(D11="","未入力",IF(ABS(D11-E11)<0.0001,"OK","NG")) -> OK

Sheet README
A1: このExcelは、q001〜q010を『実際に手を動かして』学べるワークブックです。
A3: 【使い方】
A4: 1) sales_data シートで、各問題の指定セルに数式を入力します（青文字のセルが入力欄）。
A5: 2) practice シートで、判定（OK/NG）を確認します。
A6: 3) すべてOKになったら、GitHub用のREADME.mdに学んだことを記録します。
A8: 【注意】
A9: - q001（売上列）を先に終えると、q006/q010が解きやすくなります。
A11: 【目標】
A12: - 条件付き集計（COUNTIF/SUMIF/COUNTIFS）と、IFによる判定列作成ができる状態になる。
